"product_id","name","category","mrp","discount_percent","discounted_selling_price"
1095,"Patanjali Cow's Ghee","Munchies",56500,0,56500
581,"Patanjali Cow's Ghee","Cooking Essentials",56500,0,56500
3097,"MamyPoko Pants Standard Diapers, Extra Large (12 - 17 kg)","Personal Care",39900,7,36900
3441,"MamyPoko Pants Standard Diapers, Extra Large (12 - 17 kg)","Paan Corner",39900,7,36900
554,"Aashirvaad Atta With Mutigrains","Cooking Essentials",31500,8,28700
1068,"Aashirvaad Atta With Mutigrains","Munchies",31500,8,28700
1088,"Everest Kashmiri Lal Chilli Powder","Munchies",31000,10,27900
574,"Everest Kashmiri Lal Chilli Powder","Cooking Essentials",31000,10,27900
1760,"Hershey's Cocoa + Almond Spread","Packaged Food",29500,9,26600
1250,"RRO Mozzarella Block Cheese","Dairy, Bread & Batter",29500,50,14700
546,"Madhur Pure And Hygienic Sugar","Cooking Essentials",29500,9,26600
1060,"Madhur Pure And Hygienic Sugar","Munchies",29500,9,26600
1379,"RRO Mozzarella Block Cheese","Beverages",29500,50,14700
2148,"Hershey's Cocoa + Almond Spread","Ice Cream & Desserts",29500,9,26600
2536,"Hershey's Cocoa + Almond Spread","Chocolates & Candies",29500,9,26600
2600,"Godrej Real Good Chicken Boneless Cubes ","Meats, Fish & Eggs",27500,9,24800
2606,"Zorabian Chicken Cubes","Meats, Fish & Eggs",27000,0,27000
1745,"Kelloggs Corn Flakes With Real Strawberry Pure","Packaged Food",26500,10,23600
2133,"Kelloggs Corn Flakes With Real Strawberry Pure","Ice Cream & Desserts",26500,10,23600
2521,"Kelloggs Corn Flakes With Real Strawberry Pure","Chocolates & Candies",26500,10,23600
1767,"Del Monte Pitted Green Olives","Packaged Food",25000,0,25000
2543,"Del Monte Pitted Green Olives","Chocolates & Candies",25000,0,25000
2604,"Zorabian Chicken Leg Boneless ","Meats, Fish & Eggs",25000,0,25000
2152,"Yummiez Green Peas","Ice Cream & Desserts",25000,0,25000
2603,"Zorabian Chicken Mince","Meats, Fish & Eggs",25000,0,25000
1764,"Yummiez Green Peas","Packaged Food",25000,0,25000
3634,"Origami Plates Plain","Home & Cleaning",25000,10,22500
2155,"Del Monte Pitted Green Olives","Ice Cream & Desserts",25000,0,25000
2540,"Yummiez Green Peas","Chocolates & Candies",25000,0,25000
3726,"Gillette Venus Close & Clean Razor ","Health & Hygiene",24900,7,23000
3432,"Gillette Venus Close & Clean Razor ","Paan Corner",24900,7,23000
3088,"Gillette Venus Close & Clean Razor ","Personal Care",24900,7,23000
3630,"Comfort After Wash Fabric Conditioner Lily Fresh ","Home & Cleaning",23500,9,21200
2745,"Britannia Good Day Cashew Cookies","Biscuits",23000,25,17200
3081,"Parachute Advansed Gold Coconut Hair Oil","Personal Care",21500,9,19400
3425,"Parachute Advansed Gold Coconut Hair Oil","Paan Corner",21500,9,19400
2599,"Fresh Chicken Mince - Kheema (Halal)","Meats, Fish & Eggs",21500,5,20400
1063,"Fortune Soyabean Oil","Munchies",21000,13,18100
549,"Fortune Soyabean Oil","Cooking Essentials",21000,13,18100
1110,"India Gate Basmati Rice","Munchies",21000,0,21000
596,"India Gate Basmati Rice","Cooking Essentials",21000,0,21000
3632,"Surf Excel Quick Wash","Home & Cleaning",20800,6,19500
2138,"Zorabian Chicken Kheema Parathas","Ice Cream & Desserts",19000,0,19000
2526,"Zorabian Chicken Kheema Parathas","Chocolates & Candies",19000,0,19000
3626,"Gala No Dust Broom","Home & Cleaning",19000,7,17500
598,"Zorabian Chicken Kheema Parathas","Cooking Essentials",19000,0,19000
1750,"Zorabian Chicken Kheema Parathas","Packaged Food",19000,0,19000
2598,"Zorabian Chicken Kheema Parathas","Meats, Fish & Eggs",19000,0,19000
1112,"Zorabian Chicken Kheema Parathas","Munchies",19000,0,19000
1241,"The Whole Truth Peanut Butter - Unsweetened & Crunchy","Dairy, Bread & Batter",18500,20,14800
2508,"The Whole Truth Peanut Butter - Unsweetened & Crunchy","Chocolates & Candies",18500,20,14800
2120,"The Whole Truth Peanut Butter - Unsweetened & Crunchy","Ice Cream & Desserts",18500,20,14800
3730,"Whisper Bindazzz Night Sanitary Pads XL Plus","Health & Hygiene",18500,0,18500
3439,"Whisper Bindazzz Night Sanitary Pads XL Plus","Paan Corner",18500,0,18500
583,"Daawat Super Basmati Rice","Cooking Essentials",18500,8,16900
3095,"Whisper Bindazzz Night Sanitary Pads XL Plus","Personal Care",18500,0,18500
1732,"The Whole Truth Peanut Butter - Unsweetened & Crunchy","Packaged Food",18500,20,14800
1097,"Daawat Super Basmati Rice","Munchies",18500,8,16900
1370,"The Whole Truth Peanut Butter - Unsweetened & Crunchy","Beverages",18500,20,14800
560,"Tata Sampann Unpolished Toor Dal/Arhar Dal","Cooking Essentials",17900,1,17700
1074,"Tata Sampann Unpolished Toor Dal/Arhar Dal","Munchies",17900,1,17700
594,"Chef's Basket Durum Wheat Penne Pasta","Cooking Essentials",16000,50,8000
2136,"Chef's Basket Durum Wheat Penne Pasta","Ice Cream & Desserts",16000,50,8000
93,"Safal Frozen - Sweet Corn","Fruits & Vegetables",16000,5,15200
2145,"ITC Master Chef Cheesy Corn Triangles","Ice Cream & Desserts",16000,5,15200
1108,"Chef's Basket Durum Wheat Penne Pasta","Munchies",16000,50,8000
1748,"Chef's Basket Durum Wheat Penne Pasta","Packaged Food",16000,50,8000
2524,"Chef's Basket Durum Wheat Penne Pasta","Chocolates & Candies",16000,50,8000
2528,"Safal Frozen - Sweet Corn","Chocolates & Candies",16000,5,15200
2140,"Safal Frozen - Sweet Corn","Ice Cream & Desserts",16000,5,15200
1752,"Safal Frozen - Sweet Corn","Packaged Food",16000,5,15200
2533,"ITC Master Chef Cheesy Corn Triangles","Chocolates & Candies",16000,5,15200
1757,"ITC Master Chef Cheesy Corn Triangles","Packaged Food",16000,5,15200
2114,"Kissan Mixed Fruit Jam ","Ice Cream & Desserts",15500,0,15500
1726,"Kissan Mixed Fruit Jam ","Packaged Food",15500,0,15500
2502,"Kissan Mixed Fruit Jam ","Chocolates & Candies",15500,0,15500
2535,"Godrej Yummiez Chicken Breakfast Salami","Chocolates & Candies",15000,4,14300
2722,"Dukes Waffy Chocolate Wafer Rolls ","Biscuits",15000,50,7500
2605,"Godrej Yummiez Chicken Breakfast Salami","Meats, Fish & Eggs",15000,4,14300
606,"Godrej Yummiez Chicken Breakfast Salami","Cooking Essentials",15000,4,14300
1120,"Godrej Yummiez Chicken Breakfast Salami","Munchies",15000,4,14300
1759,"Godrej Yummiez Chicken Breakfast Salami","Packaged Food",15000,4,14300
553,"Popular Essentials Phool Makhana (Jumbo Size)","Cooking Essentials",15000,14,12800
1067,"Popular Essentials Phool Makhana (Jumbo Size)","Munchies",15000,14,12800
2147,"Godrej Yummiez Chicken Breakfast Salami","Ice Cream & Desserts",15000,4,14300
2597,"Zorabian Chicken Breast Boneless ","Meats, Fish & Eggs",14500,0,14500
3436,"Clean & Clear Morning Energy Lemon Face Wash","Paan Corner",14500,9,13100
3092,"Clean & Clear Morning Energy Lemon Face Wash","Personal Care",14500,9,13100
2596,"Fresh Chicken Curry Cut - Skinless (Halal)","Meats, Fish & Eggs",14000,0,14000
3621,"Surf Excel Easy Wash Detergent Powder","Home & Cleaning",13600,3,13100
2144,"Del Monte Eggless Mayo","Ice Cream & Desserts",13500,6,12600
1756,"Del Monte Eggless Mayo","Packaged Food",13500,6,12600
2532,"Del Monte Eggless Mayo","Chocolates & Candies",13500,6,12600
2151,"Yummiez Green Peas","Ice Cream & Desserts",13500,0,13500
1763,"Yummiez Green Peas","Packaged Food",13500,0,13500
2539,"Yummiez Green Peas","Chocolates & Candies",13500,0,13500
3438,"Bajaj Almond Drops Hair Oil Bottle","Paan Corner",13000,7,12000
3094,"Bajaj Almond Drops Hair Oil Bottle","Personal Care",13000,7,12000
592,"Popular Essentials Buckwheat Flour (Kuttu Atta)","Cooking Essentials",12500,9,11300
1240,"Go Cheese Pizza Blend Mozzarella + Cheddar","Dairy, Bread & Batter",12500,5,11800
1106,"Popular Essentials Buckwheat Flour (Kuttu Atta)","Munchies",12500,9,11300
1109,"Tata Sampann Kala Chana","Munchies",12500,0,12500
1369,"Go Cheese Pizza Blend Mozzarella + Cheddar","Beverages",12500,5,11800
595,"Tata Sampann Kala Chana","Cooking Essentials",12500,0,12500
3078,"Parachute 100% Pure Coconut Oil","Personal Care",12300,0,12300
3422,"Parachute 100% Pure Coconut Oil","Paan Corner",12300,0,12300
1754,"Del Monte Original Blend Tomato Ketchup Pouch","Packaged Food",12000,7,11100
607,"Everest Saffron Kesar","Cooking Essentials",12000,0,12000
1121,"Everest Saffron Kesar","Munchies",12000,0,12000
2142,"Del Monte Original Blend Tomato Ketchup Pouch","Ice Cream & Desserts",12000,7,11100
556,"Fortune Besan Flour","Cooking Essentials",12000,0,12000
1070,"Fortune Besan Flour","Munchies",12000,0,12000
2530,"Del Monte Original Blend Tomato Ketchup Pouch","Chocolates & Candies",12000,7,11100
565,"Satyam Singdana ","Cooking Essentials",11900,6,11100
1079,"Satyam Singdana ","Munchies",11900,6,11100
3440,"Godrej Cinthol Lime Refreshing Deo Soap","Paan Corner",11600,0,11600
3721,"Dettol Effective Protection Antiseptic Liquid","Health & Hygiene",11600,0,11600
3618,"Dettol Effective Protection Antiseptic Liquid","Home & Cleaning",11600,0,11600
3096,"Godrej Cinthol Lime Refreshing Deo Soap","Personal Care",11600,0,11600
1758,"Mother's Recipe Mixed Pickle ","Packaged Food",11500,4,11000
3084,"Sensodyne Sensitive Fresh Gel Toothpaste","Personal Care",11500,7,10600
2146,"Mother's Recipe Mixed Pickle ","Ice Cream & Desserts",11500,4,11000
3428,"Sensodyne Sensitive Fresh Gel Toothpaste","Paan Corner",11500,7,10600
2534,"Mother's Recipe Mixed Pickle ","Chocolates & Candies",11500,4,11000
593,"Keya Italian Pizza Oregano","Cooking Essentials",10900,11,9700
3421,"Dettol Original Liquid Handwash Refill","Paan Corner",10900,3,10500
3077,"Dettol Original Liquid Handwash Refill","Personal Care",10900,3,10500
1107,"Keya Italian Pizza Oregano","Munchies",10900,11,9700
2125,"Ching's Secret Veg Hakka Noodles","Ice Cream & Desserts",10700,0,10700
1737,"Ching's Secret Veg Hakka Noodles","Packaged Food",10700,0,10700
1086,"Ching's Secret Veg Hakka Noodles","Munchies",10700,0,10700
2513,"Ching's Secret Veg Hakka Noodles","Chocolates & Candies",10700,0,10700
572,"Ching's Secret Veg Hakka Noodles","Cooking Essentials",10700,0,10700
2749,"Open Secret Choco Almond Story Box","Biscuits",10500,22,8100
3627,"Chakaachak Eazo Grass Broom New ","Home & Cleaning",10500,2,10200
3729,"Dabur Honitus Herbal Cough Remedy Ayurvedic Syrup","Health & Hygiene",10500,15,8900
604,"Pro Nature Organic Sonamasoori Brown Rice","Cooking Essentials",10200,7,9400
1118,"Pro Nature Organic Sonamasoori Brown Rice","Munchies",10200,7,9400
1244,"D'lecta Shredded Mozzarella Cheese","Dairy, Bread & Batter",10000,5,9500
3083,"Godrej No.1 Bathing Soap – Lime & Aloe Vera","Personal Care",10000,16,8400
1373,"D'lecta Shredded Mozzarella Cheese","Beverages",10000,5,9500
3427,"Godrej No.1 Bathing Soap – Lime & Aloe Vera","Paan Corner",10000,16,8400
1359,"Amul Pizza Cheese - Mozzarella","Beverages",10000,1,9900
1230,"Amul Pizza Cheese - Mozzarella","Dairy, Bread & Batter",10000,1,9900
600,"Sugarlite 50% Less Calories Sugar Pouch","Cooking Essentials",9900,40,5900
1114,"Sugarlite 50% Less Calories Sugar Pouch","Munchies",9900,40,5900
1376,"Pillsbury Pancake Mix - Funfetti","Beverages",9900,11,8800
1247,"Pillsbury Pancake Mix - Funfetti","Dairy, Bread & Batter",9900,11,8800
1116,"Patanjali Pure Honey","Munchies",9500,0,9500
602,"Patanjali Pure Honey","Cooking Essentials",9500,0,9500
1104,"Top Ramen Masala","Munchies",9100,9,8200
2132,"Top Ramen Masala","Ice Cream & Desserts",9100,9,8200
567,"Tata Sampann High Protien Toor Dal - Split","Cooking Essentials",9100,2,8900
2520,"Top Ramen Masala","Chocolates & Candies",9100,9,8200
590,"Top Ramen Masala","Cooking Essentials",9100,9,8200
1744,"Top Ramen Masala","Packaged Food",9100,9,8200
1081,"Tata Sampann High Protien Toor Dal - Split","Munchies",9100,2,8900
3623,"Odomos Mosquito Repellent Spray","Home & Cleaning",9000,8,8200
3085,"Whisper Bindazzz Nights XL + Sanitary Pad","Personal Care",9000,0,9000
3433,"Whisper Choice Regular Sanitary Pads","Paan Corner",9000,3,8700
3429,"Whisper Bindazzz Nights XL + Sanitary Pad","Paan Corner",9000,0,9000
3426,"Closeup Everfresh+ Anti-Germ Gel Toothpaste Red Hot","Paan Corner",9000,10,8100
3725,"Whisper Bindazzz Nights XL + Sanitary Pad","Health & Hygiene",9000,0,9000
3082,"Closeup Everfresh+ Anti-Germ Gel Toothpaste Red Hot","Personal Care",9000,10,8100
3089,"Whisper Choice Regular Sanitary Pads","Personal Care",9000,3,8700
3727,"Whisper Choice Regular Sanitary Pads","Health & Hygiene",9000,3,8700
589,"Daawat Rozana Gold Basmati Rice","Cooking Essentials",9000,1,8900
1103,"Daawat Rozana Gold Basmati Rice","Munchies",9000,1,8900
3619,"Godrej Good Night Gold Flash Liquid Vapouriser","Home & Cleaning",8900,0,8900
1368,"Nestle A+ Slim Milk","Beverages",8900,0,8900
1239,"Nestle A+ Slim Milk","Dairy, Bread & Batter",8900,0,8900
566,"Tata Sampann Moong Chilka ","Cooking Essentials",8800,6,8200
1080,"Tata Sampann Moong Chilka ","Munchies",8800,6,8200
3620,"Rin Detergent Powder","Home & Cleaning",8600,2,8400
2504,"Amul Cheese Spread Yummy Plain","Chocolates & Candies",8500,0,8500
1242,"Amul Cheese Spread Spicy Garlic","Dairy, Bread & Batter",8500,3,8200
1235,"Amul Cheese Spread Yummy Plain","Dairy, Bread & Batter",8500,0,8500
1364,"Amul Cheese Spread Yummy Plain","Beverages",8500,0,8500
1371,"Amul Cheese Spread Spicy Garlic","Beverages",8500,3,8200
1728,"Amul Cheese Spread Yummy Plain","Packaged Food",8500,0,8500
1736,"Amul Cheese Spread Spicy Garlic","Packaged Food",8500,3,8200
2541,"Yummiez American Sweet Corn","Chocolates & Candies",8500,0,8500
1765,"Yummiez American Sweet Corn","Packaged Food",8500,0,8500
2116,"Amul Cheese Spread Yummy Plain","Ice Cream & Desserts",8500,0,8500
2124,"Amul Cheese Spread Spicy Garlic","Ice Cream & Desserts",8500,3,8200
2153,"Yummiez American Sweet Corn","Ice Cream & Desserts",8500,0,8500
2512,"Amul Cheese Spread Spicy Garlic","Chocolates & Candies",8500,3,8200
3087,"Godrej No.1 Bathing Soap, Jasmine","Personal Care",8400,0,8400
3431,"Godrej No.1 Bathing Soap, Jasmine","Paan Corner",8400,0,8400
3435,"Oxylife Natural Radiance 5 Creme Bleach - With Active Oxygen","Paan Corner",8200,9,7400
3091,"Oxylife Natural Radiance 5 Creme Bleach - With Active Oxygen","Personal Care",8200,9,7400
3633,"Scotch BOPP Packaging Tape","Home & Cleaning",8000,15,6800
1248,"Prabhat Malai Paneer Pouch","Dairy, Bread & Batter",8000,0,8000
1071,"Popular Essentials Toor Dal (Un-Polished)","Munchies",8000,7,7400
2725,"Britannia Marie Gold (Buy 4 Get 1 Free)","Biscuits",8000,0,8000
1377,"Prabhat Malai Paneer Pouch","Beverages",8000,0,8000
557,"Popular Essentials Toor Dal (Un-Polished)","Cooking Essentials",8000,7,7400
2739,"Cadbury Oreo Chocolatey Sandwich Biscuits Family Pack","Biscuits",8000,0,8000
576,"Daawat Rozana Super Basmati Rice","Cooking Essentials",7900,0,7900
2542,"Dr Oetker Cucumber & Carrot Sandwich Spread Veg","Chocolates & Candies",7900,0,7900
1090,"Daawat Rozana Super Basmati Rice","Munchies",7900,0,7900
1766,"Dr Oetker Cucumber & Carrot Sandwich Spread Veg","Packaged Food",7900,0,7900
2154,"Dr Oetker Cucumber & Carrot Sandwich Spread Veg","Ice Cream & Desserts",7900,0,7900
1361,"Nestle A+ Slim Dahi - Low Fat","Beverages",7800,3,7500
1232,"Nestle A+ Slim Dahi - Low Fat","Dairy, Bread & Batter",7800,3,7500
1352,"Amul Malai Paneer Fresh ","Beverages",7600,3,7300
1223,"Amul Malai Paneer Fresh ","Dairy, Bread & Batter",7600,3,7300
1375,"Suguna Vitamin D Egg","Beverages",7500,17,6200
563,"Popular Essentials Sona Masouri Raw Rice","Cooking Essentials",7500,0,7500
1357,"Amul Slim Trim Skimmed Milk","Beverages",7500,0,7500
2732,"Britannia Nutrichoice 5 Grain Digestive Biscuits","Biscuits",7500,0,7500
1077,"Popular Essentials Sona Masouri Raw Rice","Munchies",7500,0,7500
1246,"Suguna Vitamin D Egg","Dairy, Bread & Batter",7500,17,6200
1228,"Amul Slim Trim Skimmed Milk","Dairy, Bread & Batter",7500,0,7500
2601,"Suguna Vitamin D Egg","Meats, Fish & Eggs",7500,17,6200
2537,"Maggi Special Masala Spicy Yummy Noodles","Chocolates & Candies",7200,0,7200
1761,"Maggi Special Masala Spicy Yummy Noodles","Packaged Food",7200,0,7200
1378,"Suguna Nourish Egg ","Beverages",7200,16,6000
2149,"Maggi Special Masala Spicy Yummy Noodles","Ice Cream & Desserts",7200,0,7200
1249,"Suguna Nourish Egg ","Dairy, Bread & Batter",7200,16,6000
2602,"Suguna Nourish Egg ","Meats, Fish & Eggs",7200,16,6000
1119,"Maggi Special Masala Spicy Yummy Noodles","Munchies",7200,0,7200
605,"Maggi Special Masala Spicy Yummy Noodles","Cooking Essentials",7200,0,7200
1358,"Amul Cheese Slices","Beverages",7100,1,7000
1229,"Amul Cheese Slices","Dairy, Bread & Batter",7100,1,7000
586,"Everest Coriander Powder","Cooking Essentials",7000,10,6300
1100,"Everest Coriander Powder","Munchies",7000,10,6300
2748,"Britannia Milk Bikis Cream Biscuit","Biscuits",7000,0,7000
1742,"Veeba Favourites Eggless Burger Mayonnaise","Packaged Food",6900,8,6300
2130,"Veeba Favourites Eggless Burger Mayonnaise","Ice Cream & Desserts",6900,8,6300
2518,"Veeba Favourites Eggless Burger Mayonnaise","Chocolates & Candies",6900,8,6300
3629,"Rin Fabric Whitener Detergent","Home & Cleaning",6900,10,6200
3093,"Bajaj Almond Drops Hair Oil","Personal Care",6700,10,6000
3437,"Bajaj Almond Drops Hair Oil","Paan Corner",6700,10,6000
1105,"Everest Turmeric Powder","Munchies",6700,10,6000
591,"Everest Turmeric Powder","Cooking Essentials",6700,10,6000
1224,"Amul Taaza Toned Homogenised Milk","Dairy, Bread & Batter",6600,3,6400
1353,"Amul Taaza Toned Homogenised Milk","Beverages",6600,3,6400
1083,"Everest Chat Masala","Munchies",6500,9,5900
2729,"The Bake Shop Maska Khari","Biscuits",6500,6,6100
569,"Everest Chat Masala","Cooking Essentials",6500,9,5900
3625,"Scotch-Brite Scrub Sponge Ideal For Dishwash Liquid","Home & Cleaning",6500,9,5900
1238,"The Bake Shop Multi Grain Bread","Dairy, Bread & Batter",6500,0,6500
2743,"The Bake Shop Jeera Khari","Biscuits",6500,0,6500
1367,"The Bake Shop Multi Grain Bread","Beverages",6500,0,6500
1078,"Tata Sampann High Protien Chana Dal - Split","Munchies",6400,0,6400
597,"24 Mantra Organic Whole Wheat Atta","Cooking Essentials",6400,7,5900
1111,"24 Mantra Organic Whole Wheat Atta","Munchies",6400,7,5900
564,"Tata Sampann High Protien Chana Dal - Split","Cooking Essentials",6400,0,6400
1354,"Amul Fresh Cream","Beverages",6300,0,6300
545,"Amul Fresh Cream","Cooking Essentials",6300,0,6300
1059,"Amul Fresh Cream","Munchies",6300,0,6300
1225,"Amul Fresh Cream","Dairy, Bread & Batter",6300,0,6300
2595,"Suguna Nourish Egg","Meats, Fish & Eggs",6200,0,6200
1366,"Suguna Nourish Egg","Beverages",6200,0,6200
1237,"Suguna Nourish Egg","Dairy, Bread & Batter",6200,0,6200
2501,"Kellogg's Chocos Combo Pack","Chocolates & Candies",6000,6,5600
91,"Safal Frozen Mixed Vegetables","Fruits & Vegetables",6000,5,5700
544,"Madhur Sugar","Cooking Essentials",6000,6,5600
575,"Popular Essentials Black Raisins Seedless","Cooking Essentials",6000,10,5400
584,"Popular Essentials Sabudana","Cooking Essentials",6000,10,5400
601,"Popular Essentials Sabja/Basil Seeds","Cooking Essentials",6000,15,5100
1058,"Madhur Sugar","Munchies",6000,6,5600
1089,"Popular Essentials Black Raisins Seedless","Munchies",6000,10,5400
1098,"Popular Essentials Sabudana","Munchies",6000,10,5400
1115,"Popular Essentials Sabja/Basil Seeds","Munchies",6000,15,5100
1725,"Kellogg's Chocos Combo Pack","Packaged Food",6000,6,5600
1727,"Lijjat Urad Papad","Packaged Food",6000,5,5700
1734,"Safal Frozen Mixed Vegetables","Packaged Food",6000,5,5700
1739,"Lijjat Moong Papad","Packaged Food",6000,5,5700
2113,"Kellogg's Chocos Combo Pack","Ice Cream & Desserts",6000,6,5600
2115,"Lijjat Urad Papad","Ice Cream & Desserts",6000,5,5700
2122,"Safal Frozen Mixed Vegetables","Ice Cream & Desserts",6000,5,5700
2127,"Lijjat Moong Papad","Ice Cream & Desserts",6000,5,5700
2503,"Lijjat Urad Papad","Chocolates & Candies",6000,5,5700
2510,"Safal Frozen Mixed Vegetables","Chocolates & Candies",6000,5,5700
2515,"Lijjat Moong Papad","Chocolates & Candies",6000,5,5700
2750,"Parle Monaco Sixer Salted Biscuits ","Biscuits",6000,10,5400
3731,"Fine Life Cotton Balls","Health & Hygiene",6000,0,6000
550,"Maggi Masala Ae Magic","Cooking Essentials",5800,6,5400
1064,"Maggi Masala Ae Magic","Munchies",5800,6,5400
2143,"Del Monte Natural Vinegar ","Ice Cream & Desserts",5500,3,5300
2150,"Del Monte Schezwan Sauce","Ice Cream & Desserts",5500,0,5500
2538,"Del Monte Schezwan Sauce","Chocolates & Candies",5500,0,5500
1762,"Del Monte Schezwan Sauce","Packaged Food",5500,0,5500
1084,"Popular Essentials Black Brown Chana (Un-Polished)","Munchies",5500,9,5000
1755,"Del Monte Natural Vinegar ","Packaged Food",5500,3,5300
570,"Popular Essentials Black Brown Chana (Un-Polished)","Cooking Essentials",5500,9,5000
2531,"Del Monte Natural Vinegar ","Chocolates & Candies",5500,3,5300
3723,"Eno Cooling Sachets - Cool Mint, 6 Pieces Carton","Health & Hygiene",5400,11,4800
548,"Aashirvaad Superior MP Whole Wheat Atta","Cooking Essentials",5300,1,5200
1062,"Aashirvaad Superior MP Whole Wheat Atta","Munchies",5300,1,5200
1093,"Maggi Chilly Chow Cuppa Noodles","Munchies",5000,0,5000
1729,"Mother's Recipe Ginger And Garlic Paste","Packaged Food",5000,24,3800
2742,"Britannia Toastea Premium Bake Rusk","Biscuits",5000,6,4700
2505,"Mother's Recipe Ginger And Garlic Paste","Chocolates & Candies",5000,24,3800
2129,"Maggi Chilly Chow Cuppa Noodles","Ice Cream & Desserts",5000,0,5000
1085,"Dabur Ginger Garlic Paste","Munchies",5000,6,4700
1073,"Popular Essentials Chia Seeds","Munchies",5000,2,4900
1741,"Maggi Chilly Chow Cuppa Noodles","Packaged Food",5000,0,5000
559,"Popular Essentials Chia Seeds","Cooking Essentials",5000,2,4900
2517,"Maggi Chilly Chow Cuppa Noodles","Chocolates & Candies",5000,0,5000
571,"Dabur Ginger Garlic Paste","Cooking Essentials",5000,6,4700
579,"Maggi Chilly Chow Cuppa Noodles","Cooking Essentials",5000,0,5000
2117,"Mother's Recipe Ginger And Garlic Paste","Ice Cream & Desserts",5000,24,3800
603,"Weikfield Falooda Mix - Mango","Cooking Essentials",4900,2,4800
1117,"Weikfield Falooda Mix - Mango","Munchies",4900,2,4800
3424,"Dabur Gulabari Premium Rose Water","Paan Corner",4800,2,4700
3080,"Dabur Gulabari Premium Rose Water","Personal Care",4800,2,4700
2131,"Sunfeast Yippee! Magic Masala Noodles","Ice Cream & Desserts",4800,6,4500
2519,"Sunfeast Yippee! Magic Masala Noodles","Chocolates & Candies",4800,6,4500
587,"Sunfeast Yippee! Magic Masala Noodles","Cooking Essentials",4800,6,4500
1743,"Sunfeast Yippee! Magic Masala Noodles","Packaged Food",4800,6,4500
1101,"Sunfeast Yippee! Magic Masala Noodles","Munchies",4800,6,4500
558,"Everest Tikhalal Hot & Red Chilly Powder","Cooking Essentials",4700,2,4600
1072,"Everest Tikhalal Hot & Red Chilly Powder","Munchies",4700,2,4600
2728,"Britannia Vita Marie Gold Biscuit","Biscuits",4500,0,4500
3628,"Vim Dishwash Bar","Home & Cleaning",4500,0,4500
2720,"Britannia Milk Bikis Cream Biscuit","Biscuits",4500,0,4500
555,"Tata Sampann Poha","Cooking Essentials",4400,6,4100
552,"Maggi 2-Minute Instant Noodles - Masala","Cooking Essentials",4400,0,4400
1723,"Maggi 2-Minute Instant Noodles - Masala","Packaged Food",4400,0,4400
2111,"Maggi 2-Minute Instant Noodles - Masala","Ice Cream & Desserts",4400,0,4400
1066,"Maggi 2-Minute Instant Noodles - Masala","Munchies",4400,0,4400
1069,"Tata Sampann Poha","Munchies",4400,6,4100
2499,"Maggi 2-Minute Instant Noodles - Masala","Chocolates & Candies",4400,0,4400
3434,"Stayfree Secure Dry Cover Extra Large Sanitary Pad","Paan Corner",4200,2,4100
3090,"Stayfree Secure Dry Cover Extra Large Sanitary Pad","Personal Care",4200,2,4100
3728,"Stayfree Secure Dry Cover Extra Large Sanitary Pad","Health & Hygiene",4200,2,4100
1096,"Everest Amchur Powder","Munchies",4200,2,4100
582,"Everest Amchur Powder","Cooking Essentials",4200,2,4100
92,"Safal Frozen Corn","Fruits & Vegetables",4100,4,3900
2511,"Safal Frozen Corn","Chocolates & Candies",4100,4,3900
2123,"Safal Frozen Corn","Ice Cream & Desserts",4100,4,3900
1735,"Safal Frozen Corn","Packaged Food",4100,4,3900
1099,"Popular Essentials Brown Sugar","Munchies",4000,0,4000
2506,"Maggi Magic Cubes Chicken","Chocolates & Candies",4000,2,3900
2118,"Maggi Magic Cubes Chicken","Ice Cream & Desserts",4000,2,3900
1730,"Maggi Magic Cubes Chicken","Packaged Food",4000,2,3900
1363,"The Bake Shop Whole Wheat Ladi Pav","Beverages",4000,0,4000
2718,"Britannia Good Day Cashew Cookies Packet","Biscuits",4000,5,3800
1356,"The Bake Shop Whole Wheat Bread","Beverages",4000,0,4000
1234,"The Bake Shop Whole Wheat Ladi Pav","Dairy, Bread & Batter",4000,0,4000
2752,"Patanjali Atta Doodh Rusk","Biscuits",4000,0,4000
1227,"The Bake Shop Whole Wheat Bread","Dairy, Bread & Batter",4000,0,4000
585,"Popular Essentials Brown Sugar","Cooking Essentials",4000,0,4000
3720,"Epigamia Fruit Yogurt Strawberry","Health & Hygiene",4000,50,2000
1076,"Satyam Thin Poha Patla","Munchies",3800,7,3500
562,"Satyam Thin Poha Patla","Cooking Essentials",3800,7,3500
1362,"Britannia Cheese Garlic Bread","Beverages",3500,0,3500
90,"Moong Sprouts","Fruits & Vegetables",3500,17,2900
2753,"Sunfeast Dark Fantasy Bourbon Bliss","Biscuits",3500,0,3500
2730,"Parle Fab! Jam-In Cream Filled ","Biscuits",3500,2,3400
1102,"Tata Tea Gold","Munchies",3500,0,3500
1731,"Pedigree Puppy Chicken Chunks in Gravy ","Packaged Food",3500,2,3400
547,"Satyam Poha Jada","Cooking Essentials",3500,8,3200
2738,"Britannia Nutri Choice Cracker Sugar Free Biscuit","Biscuits",3500,0,3500
2119,"Pedigree Puppy Chicken Chunks in Gravy ","Ice Cream & Desserts",3500,2,3400
588,"Tata Tea Gold","Cooking Essentials",3500,0,3500
2715,"Sunfeast Dark Fantasy Choco Fills","Biscuits",3500,8,3200
2507,"Pedigree Puppy Chicken Chunks in Gravy ","Chocolates & Candies",3500,2,3400
1061,"Satyam Poha Jada","Munchies",3500,8,3200
1233,"Britannia Cheese Garlic Bread","Dairy, Bread & Batter",3500,0,3500
2721,"Britannia Bourbon Chocolate Cream Biscuits","Biscuits",3500,2,3400
2751,"Sunfeast Dark Fantasy Bourbon Bliss","Biscuits",3500,17,2900
578,"Everest Sambhar Masala","Cooking Essentials",3400,2,3300
1092,"Everest Sambhar Masala","Munchies",3400,2,3300
3086,"Whisper Choice Sanitary Pad ","Personal Care",3200,9,2900
3724,"Whisper Choice Sanitary Pad ","Health & Hygiene",3200,9,2900
3430,"Whisper Choice Sanitary Pad ","Paan Corner",3200,9,2900
1075,"Everest Coriander Powder","Munchies",3200,3,3100
561,"Everest Coriander Powder","Cooking Essentials",3200,3,3100
1740,"Mothers Recipe Papad - Sabudana With Rock Salt","Packaged Food",3100,9,2800
2522,"Mother's Recipe Potato Papad","Chocolates & Candies",3100,9,2800
1746,"Mother's Recipe Potato Papad","Packaged Food",3100,9,2800
2134,"Mother's Recipe Potato Papad","Ice Cream & Desserts",3100,9,2800
2128,"Mothers Recipe Papad - Sabudana With Rock Salt","Ice Cream & Desserts",3100,9,2800
2516,"Mothers Recipe Papad - Sabudana With Rock Salt","Chocolates & Candies",3100,9,2800
1360,"The Bake Shop Pizza Base Whole Wheat","Beverages",3000,0,3000
2713,"Britannia Marie Gold Biscuits Packet","Biscuits",3000,0,3000
1245,"Britannia Burger Bun with Sesame Seed","Dairy, Bread & Batter",3000,0,3000
2733,"Cadbury Oreo Strawberry Bicuits","Biscuits",3000,3,2900
1236,"Britannia Atta Kulcha","Dairy, Bread & Batter",3000,0,3000
2744,"Cadbury Oreo Creme Biscuit - Vanilla, Original 120 g","Biscuits",3000,3,2900
1231,"The Bake Shop Pizza Base Whole Wheat","Dairy, Bread & Batter",3000,0,3000
3732,"Dettol Antiseptic Liquid","Health & Hygiene",3000,0,3000
3079,"Stayfree Secure Cottony Soft Cover Sanitary Pad (Regular) with Wings","Personal Care",3000,3,2900
1365,"Britannia Atta Kulcha","Beverages",3000,0,3000
1374,"Britannia Burger Bun with Sesame Seed","Beverages",3000,0,3000
1091,"Everest Cumin Powder (Jeera)","Munchies",3000,3,2900
3423,"Stayfree Secure Cottony Soft Cover Sanitary Pad (Regular) with Wings","Paan Corner",3000,3,2900
577,"Everest Cumin Powder (Jeera)","Cooking Essentials",3000,3,2900
3635,"Dettol Antiseptic Liquid","Home & Cleaning",3000,0,3000
3722,"Stayfree Secure Cottony Soft Cover Sanitary Pad (Regular) with Wings","Health & Hygiene",3000,3,2900
2139,"Sunfeast Pasta Treat Pack of Tomato Cheese","Ice Cream & Desserts",2800,17,2300
1751,"Sunfeast Pasta Treat Pack of Tomato Cheese","Packaged Food",2800,17,2300
2724,"Britannia Marie Gold Biscuit","Biscuits",2800,0,2800
599,"Sunfeast Pasta Treat Pack of Tomato Cheese","Cooking Essentials",2800,17,2300
2527,"Sunfeast Pasta Treat Pack of Tomato Cheese","Chocolates & Candies",2800,17,2300
1113,"Sunfeast Pasta Treat Pack of Tomato Cheese","Munchies",2800,17,2300
2727,"Unibic Choco Nut Cookies","Biscuits",2500,8,2300
1226,"Amul Lactose Free Milk","Dairy, Bread & Batter",2500,4,2400
2141,"MTR Vegetable Upma","Ice Cream & Desserts",2500,0,2500
1753,"MTR Vegetable Upma","Packaged Food",2500,0,2500
2529,"MTR Vegetable Upma","Chocolates & Candies",2500,0,2500
2741,"Britannia Treat Jimjam Cream Biscuits ","Biscuits",2500,0,2500
2719,"Britannia Nice Time Biscuit","Biscuits",2500,0,2500
2737,"Britannia Nutri Choice Oats Choco Almond Biscuit","Biscuits",2500,10,2250
3631,"Ujala Superme For Super Whiteness Of Clothes","Home & Cleaning",2500,0,2500
2731,"Sunfeast Nice Biscuit","Biscuits",2500,12,2200
2723,"Britannia Milk Bikis Milky Sandwich","Biscuits",2500,0,2500
1355,"Amul Lactose Free Milk","Beverages",2500,4,2400
2717,"Britannia Classic Little Hearts ","Biscuits",2500,0,2500
2716,"Britannia Nutri Choice Digestive Biscuits Packet","Biscuits",2500,0,2500
1747,"Mothers Recipe Rice Papad Ajwain","Packaged Food",2400,0,2400
2135,"Mothers Recipe Rice Papad Ajwain","Ice Cream & Desserts",2400,0,2400
2523,"Mothers Recipe Rice Papad Ajwain","Chocolates & Candies",2400,0,2400
3617,"Vim Dishwash Bar","Home & Cleaning",2300,4,2200
551,"Aashirvaad Iodised Salt ","Cooking Essentials",2200,13,1900
1065,"Aashirvaad Iodised Salt ","Munchies",2200,13,1900
1243,"The Bake Shop Burger Buns","Dairy, Bread & Batter",2000,0,2000
1094,"Popular Essentials Mustard Seeds Rai Big","Munchies",2000,0,2000
2137,"Dabur Hommade - Imli Sauce Saunth","Ice Cream & Desserts",2000,10,1800
2112,"Kurkure Green Chutney, Rajasthani Style","Ice Cream & Desserts",2000,0,2000
2525,"Dabur Hommade - Imli Sauce Saunth","Chocolates & Candies",2000,10,1800
580,"Popular Essentials Mustard Seeds Rai Big","Cooking Essentials",2000,0,2000
1724,"Kurkure Green Chutney, Rajasthani Style","Packaged Food",2000,0,2000
1372,"The Bake Shop Burger Buns","Beverages",2000,0,2000
2500,"Kurkure Green Chutney, Rajasthani Style","Chocolates & Candies",2000,0,2000
1749,"Dabur Hommade - Imli Sauce Saunth","Packaged Food",2000,10,1800
2714,"Britannia Good Day Cashew Cookies","Biscuits",2000,0,2000
2736,"Bauli Moonfils Choco Cream (With Egg)","Biscuits",1500,0,1500
1087,"Saffola Oats 100 % Natural","Munchies",1500,0,1500
1738,"Saffola Oats 100 % Natural","Packaged Food",1500,0,1500
2514,"Saffola Oats 100 % Natural","Chocolates & Candies",1500,0,1500
573,"Saffola Oats 100 % Natural","Cooking Essentials",1500,0,1500
2126,"Saffola Oats 100 % Natural","Ice Cream & Desserts",1500,0,1500
2740,"Bauli Moonfils Orange Puff Roll","Biscuits",1500,0,1500
2746,"Bauli Moonfils - Vanilla","Biscuits",1500,0,1500
88,"Carrot","Fruits & Vegetables",1300,15,1100
3624,"Chakaachak Super Steel Scrubber","Home & Cleaning",1200,8,1100
89,"Beetroot","Fruits & Vegetables",1100,18,900
2747,"Britannia Roll Yo! Choco Swiss Roll (With Egg)","Biscuits",1000,0,1000
2734,"Sunfeast Mom's Magic Cashew & Almond Biscuit","Biscuits",1000,0,1000
2735,"Britannia Roll Yo! Strawberry Swiss Roll","Biscuits",1000,0,1000
2726,"Britannia 50-50 Maska Chaska Biscuit","Biscuits",1000,0,1000
568,"Ching's Chow Mein Hakka Noodles Masala","Cooking Essentials",1000,0,1000
2121,"Ching's Chow Mein Hakka Noodles Masala","Ice Cream & Desserts",1000,0,1000
3622,"Rin Detergent Bar","Home & Cleaning",1000,0,1000
2509,"Ching's Chow Mein Hakka Noodles Masala","Chocolates & Candies",1000,0,1000
1733,"Ching's Chow Mein Hakka Noodles Masala","Packaged Food",1000,0,1000
2712,"Good Day Butter Cookies","Biscuits",1000,0,1000
1082,"Ching's Chow Mein Hakka Noodles Masala","Munchies",1000,0,1000
